institution_id,display_name,aliases,category,online,source_note,kftc_name,service_since
bank_hsbc,HSBC은행,,은행,Y,금융결제원 온라인발급가능금융기관 표,HSBC,2019-09-23
bank_hana,하나은행,,은행,Y,금융결제원 온라인발급가능금융기관 표,KEB하나은행,2014-12-01
bank_sc,SC제일은행,,은행,Y,금융결제원 온라인발급가능금융기관 표,SC제일은행,2015-06-15
bank_kyongnam,경남은행,,은행,Y,금융결제원 온라인발급가능금융기관 표,경남은행,2013-12-02
bank_gwangju,광주은행,,은행,Y,금융결제원 온라인발급가능금융기관 표,광주은행,2013-10-31
bank_kookmin,KB국민은행,,은행,Y,금융결제원 온라인발급가능금융기관 표,국민은행,2013-12-18
bank_ibk,IBK기업은행,,은행,Y,금융결제원 온라인발급가능금융기관 표,기업은행,2013-12-16
bank_nonghyup,NH농협은행,,은행,Y,금융결제원 온라인발급가능금융기관 표,농협은행,2013-11-11
bank_mizuho,미즈호은행,,은행,Y,금융결제원 온라인발급가능금융기관 표,미즈호은행,2025-03-10
bank_busan,부산은행,,은행,Y,금융결제원 온라인발급가능금융기관 표,부산은행,2013-11-20
bank_kdb,KDB산업은행,,은행,Y,금융결제원 온라인발급가능금융기관 표,산업은행,2015-12-01
bank_suhyup,Sh수협은행,,은행,Y,금융결제원 온라인발급가능금융기관 표,수협은행,2013-12-02
bank_shinhan,신한은행,,은행,Y,금융결제원 온라인발급가능금융기관 표,신한은행,2013-12-02
bank_citi,한국씨티은행,,은행,Y,금융결제원 온라인발급가능금융기관 표,씨티은행,2013-12-27
bank_im,iM뱅크,,은행,Y,금융결제원 온라인발급가능금융기관 표,아이엠뱅크(구 대구은행),2013-12-02
bank_woori,우리은행,,은행,Y,금융결제원 온라인발급가능금융기관 표,우리은행,2014-01-03
bank_jeonbuk,전북은행,,은행,Y,금융결제원 온라인발급가능금융기관 표,전북은행,2014-06-01
bank_jpmorgan,JP모간체이스은행,,은행,Y,금융결제원 온라인발급가능금융기관 표,제이피모간체이스은행,2024-11-06
bank_jeju,제주은행,,은행,Y,금융결제원 온라인발급가능금융기관 표,제주은행,2013-11-11
pub_kosmes,중소벤처기업진흥공단,,기타,Y,은행조회서 블록에 게재된 비은행 기관,중소벤처기업진흥공단,2026-06-01
bank_kakao,카카오뱅크,,은행,Y,금융결제원 온라인발급가능금융기관 표,카카오뱅크,2017-12-19
bank_kbank,케이뱅크,,은행,Y,금융결제원 온라인발급가능금융기관 표,케이뱅크,2018-12-10
bank_toss,토스뱅크,,은행,Y,금융결제원 온라인발급가능금융기관 표,토스뱅크,2023-11-20
bank_koreaexim,한국수출입은행,,은행,Y,금융결제원 온라인발급가능금융기관 표,한국수출입은행,2024-01-02
sec_kb,KB증권,,증권,Y,금융결제원 온라인발급가능금융기관 표,KB증권,2020-01-03
sec_nh,NH투자증권,,증권,Y,금융결제원 온라인발급가능금융기관 표,NH투자증권,2019-12-20
sec_sk,에스케이증권,,증권,Y,금융결제원 온라인발급가능금융기관 표,SK증권,2023-12-27
sec_kyobo,교보증권,,증권,Y,금융결제원 온라인발급가능금융기관 표,교보증권,2017-12-21
sec_daishin,대신증권,,증권,Y,금융결제원 온라인발급가능금융기관 표,대신증권,2024-11-08
sec_meritz,메리츠증권,,증권,Y,금융결제원 온라인발급가능금융기관 표,메리츠증권,2023-11-03
sec_mirae,미래에셋증권,,증권,Y,금융결제원 온라인발급가능금융기관 표,미래에셋증권,2020-12-28
sec_samsung,삼성증권,,증권,Y,금융결제원 온라인발급가능금융기관 표,삼성증권,2017-12-21
sec_shinhan,신한투자증권,,증권,Y,금융결제원 온라인발급가능금융기관 표,신한투자증권,2020-12-31
sec_im,아이엠증권,,증권,Y,금융결제원 온라인발급가능금융기관 표,아이엠증권,2018-05-11
sec_kiwoom,키움증권,,증권,Y,금융결제원 온라인발급가능금융기관 표,키움증권,2020-01-28
sec_hana,하나증권,,증권,Y,금융결제원 온라인발급가능금융기관 표,하나증권,2020-10-16
fin_kofic,한국증권금융,,증권,Y,금융결제원 온라인발급가능금융기관 표,한국증권금융,2020-01-13
sec_koreainvestment,한국투자증권,,증권,Y,금융결제원 온라인발급가능금융기관 표,한국투자증권,2019-08-05
sec_hanwha,한화투자증권,,증권,Y,금융결제원 온라인발급가능금융기관 표,한화투자증권,2020-12-28
sec_hyundaimotor,현대차증권,,증권,Y,금융결제원 온라인발급가능금융기관 표,현대차증권,2020-12-18
ins_db_insurance,DB손해보험,,보험,Y,금융결제원 온라인발급가능금융기관 표,DB손해보험,2021-12-31
ins_kb_insurance,KB손해보험,,보험,Y,금융결제원 온라인발급가능금융기관 표,KB손해보험,2021-11-01
ins_nh_life,NH농협생명보험,,보험,Y,금융결제원 온라인발급가능금융기관 표,NH농협생명보험,2022-12-13
ins_nh_insurance,NH농협손해보험,,보험,Y,금융결제원 온라인발급가능금융기관 표,NH농협손해보험,2024-05-10
ins_kyobo_life,교보생명보험,,보험,Y,금융결제원 온라인발급가능금융기관 표,교보생명보험,2021-11-22
ins_lotte_insurance,롯데손해보험,,보험,Y,금융결제원 온라인발급가능금융기관 표,롯데손해보험,2022-01-14
ins_meritz_fire,메리츠화재해상보험,,보험,Y,금융결제원 온라인발급가능금융기관 표,메리츠화재해상보험,2018-01-15
ins_miraeasset_life,미래에셋생명보험,,보험,Y,금융결제원 온라인발급가능금융기관 표,미래에셋생명,2023-06-16
ins_samsung_life,삼성생명보험,,보험,Y,금융결제원 온라인발급가능금융기관 표,삼성생명보험,2022-08-16
ins_samsung_fire,삼성화재해상보험,,보험,Y,금융결제원 온라인발급가능금융기관 표,삼성화재해상보험,2020-01-10
ins_shinhan_life,신한라이프생명보험,,보험,Y,금융결제원 온라인발급가능금융기관 표,신한라이프생명보험,2023-01-06
ins_aig_general,AIG손해보험,,보험,Y,금융결제원 온라인발급가능금융기관 표,에이아이지손해보험,2024-11-18
ins_hanwha_life,한화생명보험,,보험,Y,금융결제원 온라인발급가능금융기관 표,한화생명보험,2025-01-13
ins_hanwha_insurance,한화손해보험,,보험,Y,금융결제원 온라인발급가능금융기관 표,한화손해보험,2020-12-31
ins_hyundai_marine,현대해상화재보험,,보험,Y,금융결제원 온라인발급가능금융기관 표,현대해상화재보험,2019-08-19
ins_heungkuk_life,흥국생명보험,,보험,Y,금융결제원 온라인발급가능금융기관 표,흥국생명보험,2025-01-13
gua_kibo,기술보증기금,,보증,Y,보증기관용 조회서 블록,기술보증기금,2020-12-31
gua_sgi,서울보증보험,,보증,Y,보증기관용 조회서 블록,서울보증보험,2017-12-21
gua_kodit,신용보증기금,,보증,Y,보증기관용 조회서 블록,신용보증기금,2024-12-30
